"id","site","job_url","job_url_direct","title","company","location","date_posted","job_type","salary_source","interval","min_amount","max_amount","currency","is_remote","job_level","job_function","listing_type","emails","description","company_industry","company_url","company_logo","company_url_direct","company_addresses","company_num_employees","company_revenue","company_description","skills","experience_range","company_rating","company_reviews_count","vacancy_count","work_from_home_type"
"li-4363190594","linkedin","https://www.linkedin.com/jobs/view/4363190594","","Data Analyst","Mastek","","2026-02-11","","","","","","",False,"","","","","","","https://uk.linkedin.com/company/mastek","","","","","","","","","","","",""
"li-4370771922","linkedin","https://www.linkedin.com/jobs/view/4370771922","","Data Analyst","Insight Global","Denver, CO","2026-02-11","","","","","","",False,"","","","","","","https://www.linkedin.com/company/insight-global","","","","","","","","","","","",""
"li-4371243080","linkedin","https://www.linkedin.com/jobs/view/4371243080","","Data Analyst","Haystack","","2026-02-11","","","","","","",False,"","","","","","","https://uk.linkedin.com/company/wearehaystack","","","","","","","","","","","",""
"li-4371235289","linkedin","https://www.linkedin.com/jobs/view/4371235289","","Data Analyst","Bluesight","","2026-02-11","","","","","","",False,"","","","","","","https://www.linkedin.com/company/bluesight-inc","","","","","","","","","","","",""
"li-4371217849","linkedin","https://www.linkedin.com/jobs/view/4371217849","","Enterprise Analytics - Data Analyst","U.S. Bank","Atlanta, GA","2026-02-11","","","","","","",False,"","","","","","","https://www.linkedin.com/company/us-bank","","","","","","","","","","","",""
"li-4371220742","linkedin","https://www.linkedin.com/jobs/view/4371220742","","Enterprise Analytics - Data Analyst","U.S. Bank","Chicago, IL","2026-02-11","","","","","","",False,"","","","","","","https://www.linkedin.com/company/us-bank","","","","","","","","","","","",""
"li-4371224633","linkedin","https://www.linkedin.com/jobs/view/4371224633","","Clinical Data Analyst","TalentBurst, an Inc 5000 company","Irvine, CA","2026-02-11","","","","","","",False,"","","","","","","https://www.linkedin.com/company/talentburst","","","","","","","","","","","",""
"li-4371227158","linkedin","https://www.linkedin.com/jobs/view/4371227158","","IT Data Center Operations Analyst","Aditi Consulting","Las Vegas, TX","2026-02-11","","","","","","",False,"","","","","","","https://www.linkedin.com/company/aditiconsulting","","","","","","","","","","","",""
"li-4370743153","linkedin","https://www.linkedin.com/jobs/view/4370743153","","Junior Data Analyst","CRG","Salisbury, NC","2026-02-10","","","","","","",False,"","","","","","","https://www.linkedin.com/company/crg-corporation","","","","","","","","","","","",""
"li-4370901666","linkedin","https://www.linkedin.com/jobs/view/4370901666","","Data Analyst","ViaPlus","Plano, TX","2026-02-10","","","","","","",False,"","","","","","","https://www.linkedin.com/company/viaplus","","","","","","","","","","","",""
"li-4362257732","linkedin","https://www.linkedin.com/jobs/view/4362257732","","Junior Data Analyst","CCS Global Tech","","2026-02-10","","","","","","",False,"","","","","","","https://www.linkedin.com/company/california-creative-solutions-ccs-","","","","","","","","","","","",""
"li-4370738799","linkedin","https://www.linkedin.com/jobs/view/4370738799","","Data Analyst","The Home Depot","Atlanta, GA","2026-02-10","","","","","","",False,"","","","","","","https://www.linkedin.com/company/the-home-depot","","","","","","","","","","","",""
"li-4370641150","linkedin","https://www.linkedin.com/jobs/view/4370641150","","Data Analyst | Remote","Crossing Hurdles","","2026-02-10","","","","","","",True,"","","","","","","https://www.linkedin.com/company/crossinghurdles","","","","","","","","","","","",""
"li-4370915237","linkedin","https://www.linkedin.com/jobs/view/4370915237","","Data Analyst","CGI","Arlington, VA","2026-02-10","","","","","","",False,"","","","","","","https://ca.linkedin.com/company/cgi","","","","","","","","","","","",""
"li-4362277622","linkedin","https://www.linkedin.com/jobs/view/4362277622","","Data Analyst","Mayzax Solutions","","2026-02-10","","","","","","",False,"","","","","","","https://www.linkedin.com/company/mayzax-solutions","","","","","","","","","","","",""
"li-4370943513","linkedin","https://www.linkedin.com/jobs/view/4370943513","","Data Analyst II","Lennar","Miami, FL","2026-02-10","","","","","","",False,"","","","","","","https://www.linkedin.com/company/lennar","","","","","","","","","","","",""
"li-4370882930","linkedin","https://www.linkedin.com/jobs/view/4370882930","","Data Analyst","Jack & Jill","San Francisco, CA","2026-02-10","","","","","","",False,"","","","","","","https://www.linkedin.com/company/jackandjillai","","","","","","","","","","","",""
"li-4370685719","linkedin","https://www.linkedin.com/jobs/view/4370685719","","Data Analyst","RK Infotech LLC","Florida, United States","2026-02-10","","","","","","",False,"","","","","","","https://www.linkedin.com/company/rk-infotech-llc","","","","","","","","","","","",""
"li-4361878692","linkedin","https://www.linkedin.com/jobs/view/4361878692","","Data Analyst","Tech Observer","San Francisco, CA","2026-02-10","","","","","","",False,"","","","","","","https://www.linkedin.com/company/tech-observer","","","","","","","","","","","",""
"li-4361889955","linkedin","https://www.linkedin.com/jobs/view/4361889955","","Data Analyst (Intern)","Washington Commanders","Ashburn, VA","2026-02-10","","","","","","",False,"","","","","","","https://www.linkedin.com/company/washington-commanders","","","","","","","","","","","",""
"li-4370751070","linkedin","https://www.linkedin.com/jobs/view/4370751070","","Data analyst","Radiant Digital","Austin, TX","2026-02-10","","","","","","",False,"","","","","","","https://www.linkedin.com/company/radiant-digital-solutions","","","","","","","","","","","",""
"li-4370910645","linkedin","https://www.linkedin.com/jobs/view/4370910645","","Data Analyst","Pyramid Consulting, Inc","Omaha, NE","2026-02-10","","","","","","",False,"","","","","","","https://www.linkedin.com/company/pyramid-consulting","","","","","","","","","","","",""
"li-4370703168","linkedin","https://www.linkedin.com/jobs/view/4370703168","","Data Analyst","Insight Global","North Charleston, SC","2026-02-10","","","","","","",False,"","","","","","","https://www.linkedin.com/company/insight-global","","","","","","","","","","","",""
"li-4371055494","linkedin","https://www.linkedin.com/jobs/view/4371055494","","Data Analyst","Chord","Florida, United States","2026-02-10","","","","","","",False,"","","","","","","https://www.linkedin.com/company/chordcommerce","","","","","","","","","","","",""
"li-4371058409","linkedin","https://www.linkedin.com/jobs/view/4371058409","","Data Analyst","Chord","Texas, United States","2026-02-10","","","","","","",False,"","","","","","","https://www.linkedin.com/company/chordcommerce","","","","","","","","","","","",""
"li-4371028121","linkedin","https://www.linkedin.com/jobs/view/4371028121","","Data Analyst","Pyramid Consulting, Inc","Owings Mills, MD","2026-02-10","","","","","","",False,"","","","","","","https://www.linkedin.com/company/pyramid-consulting","","","","","","","","","","","",""
"li-4371097375","linkedin","https://www.linkedin.com/jobs/view/4371097375","","Data Analysis Intern","AAAS","Washington, DC","2026-02-10","","","","","","",False,"","","","","","","https://www.linkedin.com/company/aaasorg","","","","","","","","","","","",""
"li-4370895962","linkedin","https://www.linkedin.com/jobs/view/4370895962","","Data Analyst","Haystack","Tampa, FL","2026-02-10","","","","","","",False,"","","","","","","https://uk.linkedin.com/company/wearehaystack","","","","","","","","","","","",""
"li-4371038964","linkedin","https://www.linkedin.com/jobs/view/4371038964","","Business Data Analyst","Motorola Solutions","Ontario, CA","2026-02-10","","","","","","",False,"","","","","","","https://www.linkedin.com/company/motorolasolutions","","","","","","","","","","","",""
"li-4370911825","linkedin","https://www.linkedin.com/jobs/view/4370911825","","Business Intelligence Intern","Reyes Beverage Group","Rosemont, IL","2026-02-10","","","","","","",False,"","","","","","","https://www.linkedin.com/company/reyes-beverage-group","","","","","","","","","","","",""
"li-4371037330","linkedin","https://www.linkedin.com/jobs/view/4371037330","","Data Analyst","TalentAlly","","2026-02-10","","","","","","",False,"","","","","","","https://www.linkedin.com/company/talentallyatwork","","","","","","","","","","","",""
"li-4370738043","linkedin","https://www.linkedin.com/jobs/view/4370738043","","Data Analyst (Employee Benefits)","GBS Benefits, Inc.","Salt Lake City, UT","2026-02-10","","","","","","",False,"","","","","","","https://www.linkedin.com/company/gbs-benefits","","","","","","","","","","","",""
"li-4370690136","linkedin","https://www.linkedin.com/jobs/view/4370690136","","Project Coordinator","Insight Global","","2026-02-10","","","","","","",False,"","","","","","","https://www.linkedin.com/company/insight-global","","","","","","","","","","","",""
"li-4354091267","linkedin","https://www.linkedin.com/jobs/view/4354091267","","Data Analyst II","ADP","Florham Park, NJ","2026-02-10","","","","","","",False,"","","","","","","https://www.linkedin.com/company/adp","","","","","","","","","","","",""
"li-4370924783","linkedin","https://www.linkedin.com/jobs/view/4370924783","","Data Analyst, Clinical Analytics and Reporting","DaVita Kidney Care","Denver, CO","2026-02-10","","","","","","",False,"","","","","","","https://www.linkedin.com/company/davita","","","","","","","","","","","",""
"li-4371078414","linkedin","https://www.linkedin.com/jobs/view/4371078414","","Revenue Operations Analyst","Portless","","2026-02-10","","","","","","",False,"","","","","","","https://www.linkedin.com/company/portless","","","","","","","","","","","",""
"li-4371036751","linkedin","https://www.linkedin.com/jobs/view/4371036751","","ANALYST I","California Department of Toxic Substances Control","Orange, CA","2026-02-10","","","","","","",False,"","","","","","","https://www.linkedin.com/company/californiadtsc","","","","","","","","","","","",""
"li-4370469473","linkedin","https://www.linkedin.com/jobs/view/4370469473","","Data Analyst, (Vendor/Procurement)","Safra National Bank","New York, NY","2026-02-09","","","","","","",False,"","","","","","","https://www.linkedin.com/company/safranationalbank","","","","","","","","","","","",""
"li-4363010375","linkedin","https://www.linkedin.com/jobs/view/4363010375","","Data Analyst I","Wawa, Inc.","Media, PA","2026-02-09","","","","","","",False,"","","","","","","https://www.linkedin.com/company/wawa-inc-","","","","","","","","","","","",""
"li-4370867460","linkedin","https://www.linkedin.com/jobs/view/4370867460","","Data Analyst","Envision","","2026-02-09","","","","","","",False,"","","","","","","https://www.linkedin.com/company/envision","","","","","","","","","","","",""
"li-4370560607","linkedin","https://www.linkedin.com/jobs/view/4370560607","","Staff Data Analyst (Remote)","Weedmaps","New York, NY","2026-02-09","","","","","","",True,"","","","","","","https://www.linkedin.com/company/weedmaps","","","","","","","","","","","",""
"li-4370408996","linkedin","https://www.linkedin.com/jobs/view/4370408996","","Business Data Analyst","Dexian","Tampa, FL","2026-02-09","","","","","","",False,"","","","","","","https://www.linkedin.com/company/dexiansolutions","","","","","","","","","","","",""
"li-4370413753","linkedin","https://www.linkedin.com/jobs/view/4370413753","","Data Analyst","Insight Global","Marietta, GA","2026-02-09","","","","","","",False,"","","","","","","https://www.linkedin.com/company/insight-global","","","","","","","","","","","",""
"li-4362280768","linkedin","https://www.linkedin.com/jobs/view/4362280768","","Data & AI Analyst","Alcanza Clinical Research","Lake Mary, FL","2026-02-09","","","","","","",False,"","","","","","","https://www.linkedin.com/company/alcanza-clinical","","","","","","","","","","","",""
"li-4370466341","linkedin","https://www.linkedin.com/jobs/view/4370466341","","Data Quality Analyst","Apple","San Diego, CA","2026-02-09","","","","","","",False,"","","","","","","https://www.linkedin.com/company/apple","","","","","","","","","","","",""
"li-4360025620","linkedin","https://www.linkedin.com/jobs/view/4360025620","","Senior Data Analyst","Inceed","Lenexa, KS","2026-02-09","","","","","","",False,"","","","","","","https://www.linkedin.com/company/inceed","","","","","","","","","","","",""
"li-4279060589","linkedin","https://www.linkedin.com/jobs/view/4279060589","","Junior Analyst","Goldbelt Glacier Health Services","","2026-02-09","","","","","","",False,"","","","","","","https://www.linkedin.com/company/goldbelt-glacier-health-services-llc","","","","","","","","","","","",""
"li-4370567086","linkedin","https://www.linkedin.com/jobs/view/4370567086","","Summer Internship - Data Analytics","IVX Health","Brentwood, TN","2026-02-09","","","","","","",False,"","","","","","","https://www.linkedin.com/company/ivx-health","","","","","","","","","","","",""
"li-4370570246","linkedin","https://www.linkedin.com/jobs/view/4370570246","","Data Analyst","TalentAlly","Bridgeview, IL","2026-02-09","","","","","","",False,"","","","","","","https://www.linkedin.com/company/talentallyatwork","","","","","","","","","","","",""
"li-4370559280","linkedin","https://www.linkedin.com/jobs/view/4370559280","","Junior Optimization Analyst","Moxxi Digital","New York, NY","2026-02-09","","","","","","",False,"","","","","","","https://www.linkedin.com/company/moxxi-digital","","","","","","","","","","","",""
"li-4370239051","linkedin","https://www.linkedin.com/jobs/view/4370239051","","Data Analyst Intern","Thermo Fisher Scientific","Hillsboro, OR","2026-02-09","","","","","","",False,"","","","","","","https://ch.linkedin.com/company/srcare","","","","","","","","","","","",""
"li-4370457159","linkedin","https://www.linkedin.com/jobs/view/4370457159","","Temporary Data Analyst","Career Group","New York, NY","2026-02-09","","","","","","",False,"","","","","","","https://www.linkedin.com/company/career-group","","","","","","","","","","","",""
"li-4370229131","linkedin","https://www.linkedin.com/jobs/view/4370229131","","Land Data Analyst","Crescent Energy","Houston, TX","2026-02-09","","","","","","",False,"","","","","","","https://www.linkedin.com/company/crescent-energy-co","","","","","","","","","","","",""
"li-4370468083","linkedin","https://www.linkedin.com/jobs/view/4370468083","","Sr Business Data Analyst","DHL Supply Chain","Lebanon, PA","2026-02-09","","","","","","",False,"","","","","","","https://de.linkedin.com/company/dhl-supply-chain","","","","","","","","","","","",""
"li-4364080154","linkedin","https://www.linkedin.com/jobs/view/4364080154","","Data Analyst, Corporate Operations","Anduril Industries","Costa Mesa, CA","2026-02-09","","","","","","",False,"","","","","","","https://www.linkedin.com/company/anduril","","","","","","","","","","","",""
"li-4370599619","linkedin","https://www.linkedin.com/jobs/view/4370599619","","Data Analyst","TalentAlly","Eastvale, CA","2026-02-09","","","","","","",False,"","","","","","","https://www.linkedin.com/company/talentallyatwork","","","","","","","","","","","",""
"li-4370576232","linkedin","https://www.linkedin.com/jobs/view/4370576232","","Compliance Data Analyst","SCS Financial","St Louis, MO","2026-02-09","","","","","","",False,"","","","","","","https://www.linkedin.com/company/scs-financial","","","","","","","","","","","",""
"li-4370454932","linkedin","https://www.linkedin.com/jobs/view/4370454932","","Process Analyst","Ingram Content Group","La Vergne, TN","2026-02-09","","","","","","",False,"","","","","","","https://www.linkedin.com/company/ingram-content-group","","","","","","","","","","","",""
"li-4370423882","linkedin","https://www.linkedin.com/jobs/view/4370423882","","Data Engineer Entry Level","Talent Glider","","2026-02-09","","","","","","",False,"","","","","","","https://www.linkedin.com/company/talent-glider","","","","","","","","","","","",""
"li-4370599543","linkedin","https://www.linkedin.com/jobs/view/4370599543","","Data Analyst","Iron EagleX, Inc.","Virginia Beach, VA","2026-02-09","","","","","","",False,"","","","","","","https://www.linkedin.com/company/ironeaglex","","","","","","","","","","","",""
"li-4371320031","linkedin","https://www.linkedin.com/jobs/view/4371320031","","Data Analyst, Product","TikTok","San Jose, CA","","","","","","","",False,"","","","","","","https://www.linkedin.com/company/tiktok","","","","","","","","","","","",""
"li-4371618892","linkedin","https://www.linkedin.com/jobs/view/4371618892","","Data Analytics & AI Intern / Analyst - Castle Park Investments","Castle Park Investments","New York, NY","","","","","","","",False,"","","","","","","https://www.linkedin.com/company/castle-park-investments","","","","","","","","","","","",""
"li-4371464555","linkedin","https://www.linkedin.com/jobs/view/4371464555","","Data Analyst","Inizio Engage","","","","","","","","",False,"","","","","","","https://www.linkedin.com/company/inizio-engage","","","","","","","","","","","",""
"li-4354291909","linkedin","https://www.linkedin.com/jobs/view/4354291909","","Data Analyst III","Fanatics","Denver, CO","","","","","","","",False,"","","","","","","https://www.linkedin.com/company/fanatics-inc-","","","","","","","","","","","",""
"li-4363185998","linkedin","https://www.linkedin.com/jobs/view/4363185998","","Data Analyst","Solomon Page","New York, NY","","","","","","","",False,"","","","","","","https://www.linkedin.com/company/solomon-page-group","","","","","","","","","","","",""
"li-4371491460","linkedin","https://www.linkedin.com/jobs/view/4371491460","","Data Analyst","Aditi Consulting","Mountain View, CA","","","","","","","",False,"","","","","","","https://www.linkedin.com/company/aditiconsulting","","","","","","","","","","","",""
"li-4309881452","linkedin","https://www.linkedin.com/jobs/view/4309881452","","Data Analyst I - Pharmacy","Lockton","Dallas, TX","","","","","","","",False,"","","","","","","https://www.linkedin.com/company/lockton-companies","","","","","","","","","","","",""
"li-4371642818","linkedin","https://www.linkedin.com/jobs/view/4371642818","","Data Analyst - Entry Level","Lensa","Dallas, TX","","","","","","","",False,"","","","","","","https://www.linkedin.com/company/lensa","","","","","","","","","","","",""
"li-4342802587","linkedin","https://www.linkedin.com/jobs/view/4342802587","","Data Analyst","Alder","Newton, MA","","","","","","","",False,"","","","","","","https://www.linkedin.com/company/askalder","","","","","","","","","","","",""
"li-4354853065","linkedin","https://www.linkedin.com/jobs/view/4354853065","","Data Analyst","Wavelo","","","","","","","","",False,"","","","","","","https://ca.linkedin.com/company/wavelo","","","","","","","","","","","",""
"li-4371149415","linkedin","https://www.linkedin.com/jobs/view/4371149415","","Data Analyst","AARATECH","","","","","","","","",False,"","","","","","","https://www.linkedin.com/company/aaratechinc","","","","","","","","","","","",""
"li-4363241525","linkedin","https://www.linkedin.com/jobs/view/4363241525","","Data Analyst (Junior/Mid)","The Columbia Group","Alexandria, VA","","","","","","","",False,"","","","","","","https://www.linkedin.com/company/the-columbia-group","","","","","","","","","","","",""
"li-4371657054","linkedin","https://www.linkedin.com/jobs/view/4371657054","","Data Analyst Jr.","Lensa","Washington, DC","","","","","","","",False,"","","","","","","https://www.linkedin.com/company/lensa","","","","","","","","","","","",""
"li-4342815415","linkedin","https://www.linkedin.com/jobs/view/4342815415","","Data Analyst, Supply Chain (Starlink)","SpaceX","Redmond, WA","","","","","","","",False,"","","","","","","https://www.linkedin.com/company/spacex","","","","","","","","","","","",""
"li-4371433833","linkedin","https://www.linkedin.com/jobs/view/4371433833","","Data Analyst","Resource Informatics Group, Inc","Austin, TX","","","","","","","",False,"","","","","","","https://www.linkedin.com/company/resource-informatics-group-inc","","","","","","","","","","","",""
"li-4371194848","linkedin","https://www.linkedin.com/jobs/view/4371194848","","Data Analyst","Akkodis","Fountain Valley, CA","","","","","","","",False,"","","","","","","https://www.linkedin.com/company/akkodis","","","","","","","","","","","",""
"li-4275942136","linkedin","https://www.linkedin.com/jobs/view/4275942136","","Data Analyst (SQL, Agile)","Gartner","Fort Myers, FL","","","","","","","",False,"","","","","","","https://www.linkedin.com/company/gartner","","","","","","","","","","","",""
"li-4371471425","linkedin","https://www.linkedin.com/jobs/view/4371471425","","Data Analyst","TEKsystems","Berlin, CT","","","","","","","",False,"","","","","","","https://www.linkedin.com/company/teksystems","","","","","","","","","","","",""
"li-4371467980","linkedin","https://www.linkedin.com/jobs/view/4371467980","","Data Analyst","Harnham","","","","","","","","",False,"","","","","","","https://uk.linkedin.com/company/harnham","","","","","","","","","","","",""
"li-4371125002","linkedin","https://www.linkedin.com/jobs/view/4371125002","","Data Analyst","Stirista","Pompano Beach, FL","","","","","","","",False,"","","","","","","https://www.linkedin.com/company/stirista-global","","","","","","","","","","","",""
"li-4371660913","linkedin","https://www.linkedin.com/jobs/view/4371660913","","Data Analyst","Mercor","","","","","","","","",False,"","","","","","","https://www.linkedin.com/company/mercor-ai","","","","","","","","","","","",""
"li-4371644858","linkedin","https://www.linkedin.com/jobs/view/4371644858","","SQL Data Analyst (REMOTE EST)","Lensa","Boston, MA","","","","","","","",True,"","","","","","","https://www.linkedin.com/company/lensa","","","","","","","","","","","",""
"li-4371141608","linkedin","https://www.linkedin.com/jobs/view/4371141608","","Data Analyst","Haystack","New Jersey, United States","","","","","","","",False,"","","","","","","https://uk.linkedin.com/company/wearehaystack","","","","","","","","","","","",""
"li-4363116020","linkedin","https://www.linkedin.com/jobs/view/4363116020","","Full-Time Senior Data Analyst - Remote (US)","Theoria Medical","Michigan, United States","","","","","","","",True,"","","","","","","https://www.linkedin.com/company/theoriamedical","","","","","","","","","","","",""
"li-4368446183","linkedin","https://www.linkedin.com/jobs/view/4368446183","","Senior Data Analyst","Bridge Professional Services","Chicago, IL","","","","","","","",False,"","","","","","","https://www.linkedin.com/company/bridge-professional-services","","","","","","","","","","","",""
"li-4309802161","linkedin","https://www.linkedin.com/jobs/view/4309802161","","Data Insights Analyst","DataAnnotation","Rhode Island, United States","","","","","","","",False,"","","","","","","https://www.linkedin.com/company/dataannotationtech","","","","","","","","","","","",""
"li-4317352123","linkedin","https://www.linkedin.com/jobs/view/4317352123","","Business Intelligence Intern","KPH HEALTHCARE SERVICES, INC","Syracuse, NY","","","","","","","",False,"","","","","","","https://www.linkedin.com/company/kph-healthcare-services-inc","","","","","","","","","","","",""
"li-4326396233","linkedin","https://www.linkedin.com/jobs/view/4326396233","","Data Science Intern - Summer 2026","Bandwidth Inc.","Raleigh, NC","","","","","","","",False,"","","","","","","https://www.linkedin.com/company/bandwidth-inc","","","","","","","","","","","",""
"li-4371645891","linkedin","https://www.linkedin.com/jobs/view/4371645891","","Junior Analyst","Lensa","Arlington, VA","","","","","","","",False,"","","","","","","https://www.linkedin.com/company/lensa","","","","","","","","","","","",""
"li-4309816003","linkedin","https://www.linkedin.com/jobs/view/4309816003","","Data Insights Analyst","DataAnnotation","Michigan, United States","","","","","","","",False,"","","","","","","https://www.linkedin.com/company/dataannotationtech","","","","","","","","","","","",""
"li-4371643848","linkedin","https://www.linkedin.com/jobs/view/4371643848","","Data Analyst","Lensa","Olympia, WA","","","","","","","",False,"","","","","","","https://www.linkedin.com/company/lensa","","","","","","","","","","","",""
"li-4365145241","linkedin","https://www.linkedin.com/jobs/view/4365145241","","Business Data Analyst III: 26-00173","Akraya, Inc.","San Diego, CA","","","","","","","",False,"","","","","","","https://www.linkedin.com/company/akraya-inc","","","","","","","","","","","",""
"li-4363210290","linkedin","https://www.linkedin.com/jobs/view/4363210290","","Global Digital and Analytics Rotation Analyst","Chubb","Philadelphia, PA","","","","","","","",False,"","","","","","","https://ch.linkedin.com/company/chubb","","","","","","","","","","","",""
"li-4309695787","linkedin","https://www.linkedin.com/jobs/view/4309695787","","Data Insights Analyst","DataAnnotation","Arkansas, United States","","","","","","","",False,"","","","","","","https://www.linkedin.com/company/dataannotationtech","","","","","","","","","","","",""
"li-4309810218","linkedin","https://www.linkedin.com/jobs/view/4309810218","","Data Insights Analyst","DataAnnotation","South Dakota, United States","","","","","","","",False,"","","","","","","https://www.linkedin.com/company/dataannotationtech","","","","","","","","","","","",""
"li-4370864090","linkedin","https://www.linkedin.com/jobs/view/4370864090","","Data Analyst 1/Trainee","NYS Office of Information Technology Services","Albany, NY","","","","","","","",False,"","","","","","","https://www.linkedin.com/company/nys-office-of-information-technology-services","","","","","","","","","","","",""
"li-3945876581","linkedin","https://www.linkedin.com/jobs/view/3945876581","","Data Integration Analyst","Aligned Solutions","","","","","","","","",False,"","","","","","","https://www.linkedin.com/company/aligned-solutions-us","","","","","","","","","","","",""
"li-4371413253","linkedin","https://www.linkedin.com/jobs/view/4371413253","","Operations Data Analyst","Applicantz","Tualatin, OR","","","","","","","",False,"","","","","","","https://www.linkedin.com/company/applicantz-com","","","","","","","","","","","",""
"li-4371182501","linkedin","https://www.linkedin.com/jobs/view/4371182501","","Clinical Reporting Analyst","TRC Talent Solutions","","","","","","","","",False,"","","","","","","https://www.linkedin.com/company/trc-talent-solutions","","","","","","","","","","","",""
"li-4365132204","linkedin","https://www.linkedin.com/jobs/view/4365132204","","Formulation Systems Data Analyst (Two month contract)","Maesa","New York, NY","","","","","","","",False,"","","","","","","https://www.linkedin.com/company/maesa","","","","","","","","","","","",""
